[{"created_at":"Thu Jul 16 17:25:36 +0000 2015","id":621732425282891777,"id_str":"621732425282891777","text":"Check out 'Royal - Responsive Wordpress News, Magazine, Blog' on #EnvatoMarket by @wilokethemes #themeforest http:\/\/t.co\/8CaDqGnkYS","source":"\u003ca href=\"http:\/\/twitter.com\" rel=\"nofollow\"\u003eTwitter Web Client\u003c\/a\u003e","truncated":false,"in_reply_to_status_id":null,"in_reply_to_status_id_str":null,"in_reply_to_user_id":null,"in_reply_to_user_id_str":null,"in_reply_to_screen_name":null,"user":{"id":391151360,"id_str":"391151360","name":"wiloke","screen_name":"wilokethemes","location":"Ha Noi Viet Nam","description":"1993","url":"http:\/\/t.co\/ecpvnPPwAY","entities":{"url":{"urls":[{"url":"http:\/\/t.co\/ecpvnPPwAY","expanded_url":"http:\/\/wiloke.net","display_url":"wiloke.net","indices":[0,22]}]},"description":{"urls":[]}},"protected":false,"followers_count":48,"friends_count":36,"listed_count":1,"created_at":"Sat Oct 15 03:59:01 +0000 2011","favourites_count":4,"utc_offset":-25200,"time_zone":"Pacific Time (US & Canada)","geo_enabled":true,"verified":false,"statuses_count":51,"lang":"en","contributors_enabled":false,"is_translator":false,"is_translation_enabled":false,"profile_background_color":"000000","profile_background_image_url":"http:\/\/abs.twimg.com\/images\/themes\/theme1\/bg.png","profile_background_image_url_https":"https:\/\/abs.twimg.com\/images\/themes\/theme1\/bg.png","profile_background_tile":false,"profile_image_url":"http:\/\/pbs.twimg.com\/profile_images\/586013364184190976\/9ZPK5RCw_normal.jpg","profile_image_url_https":"https:\/\/pbs.twimg.com\/profile_images\/586013364184190976\/9ZPK5RCw_normal.jpg","profile_banner_url":"https:\/\/pbs.twimg.com\/profile_banners\/391151360\/1398047408","profile_link_color":"DD2E44","profile_sidebar_border_color":"000000","profile_sidebar_fill_color":"000000","profile_text_color":"000000","profile_use_background_image":false,"has_extended_profile":false,"default_profile":false,"default_profile_image":false,"following":false,"follow_request_sent":false,"notifications":false},"geo":null,"coordinates":null,"place":null,"contributors":null,"is_quote_status":false,"retweet_count":0,"favorite_count":2,"entities":{"hashtags":[{"text":"EnvatoMarket","indices":[65,78]},{"text":"themeforest","indices":[96,108]}],"symbols":[],"user_mentions":[{"screen_name":"wilokethemes","name":"wiloke","id":391151360,"id_str":"391151360","indices":[82,95]}],"urls":[{"url":"http:\/\/t.co\/8CaDqGnkYS","expanded_url":"http:\/\/themeforest.net\/item\/royal-responsive-wordpress-news-magazine-blog\/12059988?utm_source=sharetw","display_url":"themeforest.net\/item\/royal-res\u2026","indices":[109,131]}]},"favorited":false,"retweeted":false,"possibly_sensitive":false,"lang":"en"},{"created_at":"Mon Jul 13 18:03:58 +0000 2015","id":620654918232244224,"id_str":"620654918232244224","text":"I don't share everything I find on the internet, but when I do, it's from @CreativeMarket ~ http:\/\/t.co\/sqQf7KldTB","source":"\u003ca href=\"http:\/\/twitter.com\" rel=\"nofollow\"\u003eTwitter Web Client\u003c\/a\u003e","truncated":false,"in_reply_to_status_id":null,"in_reply_to_status_id_str":null,"in_reply_to_user_id":null,"in_reply_to_user_id_str":null,"in_reply_to_screen_name":null,"user":{"id":391151360,"id_str":"391151360","name":"wiloke","screen_name":"wilokethemes","location":"Ha Noi Viet Nam","description":"1993","url":"http:\/\/t.co\/ecpvnPPwAY","entities":{"url":{"urls":[{"url":"http:\/\/t.co\/ecpvnPPwAY","expanded_url":"http:\/\/wiloke.net","display_url":"wiloke.net","indices":[0,22]}]},"description":{"urls":[]}},"protected":false,"followers_count":48,"friends_count":36,"listed_count":1,"created_at":"Sat Oct 15 03:59:01 +0000 2011","favourites_count":4,"utc_offset":-25200,"time_zone":"Pacific Time (US & Canada)","geo_enabled":true,"verified":false,"statuses_count":51,"lang":"en","contributors_enabled":false,"is_translator":false,"is_translation_enabled":false,"profile_background_color":"000000","profile_background_image_url":"http:\/\/abs.twimg.com\/images\/themes\/theme1\/bg.png","profile_background_image_url_https":"https:\/\/abs.twimg.com\/images\/themes\/theme1\/bg.png","profile_background_tile":false,"profile_image_url":"http:\/\/pbs.twimg.com\/profile_images\/586013364184190976\/9ZPK5RCw_normal.jpg","profile_image_url_https":"https:\/\/pbs.twimg.com\/profile_images\/586013364184190976\/9ZPK5RCw_normal.jpg","profile_banner_url":"https:\/\/pbs.twimg.com\/profile_banners\/391151360\/1398047408","profile_link_color":"DD2E44","profile_sidebar_border_color":"000000","profile_sidebar_fill_color":"000000","profile_text_color":"000000","profile_use_background_image":false,"has_extended_profile":false,"default_profile":false,"default_profile_image":false,"following":false,"follow_request_sent":false,"notifications":false},"geo":null,"coordinates":null,"place":null,"contributors":null,"is_quote_status":false,"retweet_count":0,"favorite_count":0,"entities":{"hashtags":[],"symbols":[],"user_mentions":[{"screen_name":"CreativeMarket","name":"Creative Market","id":455304067,"id_str":"455304067","indices":[74,89]}],"urls":[{"url":"http:\/\/t.co\/sqQf7KldTB","expanded_url":"http:\/\/crtv.mk\/b04qa","display_url":"crtv.mk\/b04qa","indices":[92,114]}]},"favorited":false,"retweeted":false,"possibly_sensitive":false,"lang":"en"}]